customerId,firstName,lastName,DOB,phoneNumber,email,points,dateJoined
901,Peter,Lee,2001-04-03,979-506-8105,peter.lee20@example.com,660,2023-05-15
902,Pat,Davis,2001-01-20,979-571-3771,pat.davis98@example.com,741,2023-01-01
903,Mike,Davis,2000-01-25,979-244-8284,mike.davis19@example.com,831,2023-01-03
904,Mike,Brown,1995-08-24,979-759-9227,mike.brown87@example.com,189,2023-01-05
905,Jane,Doe,2003-01-26,979-196-5309,jane.doe26@example.com,695,2023-01-07
906,Mary,Miller,2005-11-05,979-616-4977,mary.miller20@example.com,509,2023-01-09
907,Mike,Brown,1995-01-07,979-938-3513,mike.brown12@example.com,793,2023-01-11
908,Chris,Williams,1997-11-15,979-209-2937,chris.williams46@example.com,96,2023-01-13
909,Mike,Jones,1999-09-06,979-310-4185,mike.jones78@example.com,228,2023-01-15
910,Chris,Moore,2004-02-16,979-769-6475,chris.moore34@example.com,537,2023-01-18
911,John,Doe,2002-03-06,979-563-7318,john.doe71@example.com,641,2023-01-20
912,Mike,Davis,2001-01-14,979-956-2956,mike.davis57@example.com,170,2023-01-22
913,Sue,Lee,2000-01-22,979-683-5411,sue.lee59@example.com,484,2023-01-24
914,Jane,Smith,2004-08-13,979-250-4187,jane.smith93@example.com,496,2023-01-26
915,Taylor,Davis,2005-01-28,979-644-7382,taylor.davis32@example.com,300,2023-01-28
916,Chris,Wilson,2003-10-18,979-210-7861,chris.wilson8@example.com,366,2023-01-30
917,Sue,Williams,1995-05-11,979-833-3154,sue.williams18@example.com,801,2023-02-01
918,Jane,Doe,1995-06-24,979-878-8519,jane.doe77@example.com,883,2023-02-04
919,Mary,Brown,2002-09-24,979-266-3857,mary.brown68@example.com,895,2023-02-06
920,Jane,Wilson,1997-12-08,979-700-7401,jane.wilson96@example.com,12,2023-02-08
921,Pat,Williams,2002-03-13,979-671-7843,pat.williams28@example.com,4,2023-02-10
922,Peter,Jones,1995-11-07,979-534-7946,peter.jones46@example.com,400,2023-02-12
923,Chris,Miller,2005-08-04,979-942-3104,chris.miller40@example.com,211,2023-02-14
924,Jane,Doe,1996-12-18,979-270-8970,jane.doe11@example.com,318,2023-02-16
925,John,Brown,2004-05-09,979-645-3837,john.brown16@example.com,635,2023-02-19
926,Pat,Doe,1995-02-25,979-104-5203,pat.doe11@example.com,13,2023-02-21
927,Sue,Williams,1995-04-21,979-586-6586,sue.williams66@example.com,492,2023-02-23
928,Peter,Miller,1998-01-11,979-287-8059,peter.miller20@example.com,244,2023-02-25
929,Chris,Jones,1995-04-17,979-173-6540,chris.jones76@example.com,875,2023-02-27
930,Jane,Williams,1997-12-27,979-578-6856,jane.williams93@example.com,369,2023-03-01
931,Pat,Doe,2000-04-17,979-941-4018,pat.doe5@example.com,404,2023-03-03
932,Mary,Jones,1995-01-19,979-823-8409,mary.jones99@example.com,50,2023-03-05
933,Chris,Miller,2002-08-19,979-200-5497,chris.miller84@example.com,72,2023-03-08
934,Chris,Moore,2004-01-06,979-167-9304,chris.moore54@example.com,961,2023-03-10
935,Mary,Miller,1997-04-21,979-967-2882,mary.miller50@example.com,440,2023-03-12
936,John,Miller,1999-01-10,979-553-1928,john.miller59@example.com,396,2023-03-14
937,Jane,Williams,2002-07-11,979-621-1438,jane.williams27@example.com,811,2023-03-16
938,Sue,Williams,2003-02-25,979-779-5343,sue.williams65@example.com,767,2023-03-18
939,Mike,Brown,2003-02-27,979-365-8312,mike.brown8@example.com,985,2023-03-20
940,Mary,Miller,2004-10-01,979-607-6334,mary.miller10@example.com,891,2023-03-22
941,Peter,Williams,2003-10-22,979-935-8305,peter.williams53@example.com,626,2023-03-25
942,John,Davis,1995-03-01,979-600-1284,john.davis81@example.com,925,2023-03-27
943,Jane,Davis,1997-05-04,979-889-7465,jane.davis31@example.com,110,2023-03-29
944,Peter,Davis,2004-04-15,979-762-6829,peter.davis75@example.com,792,2023-03-31
945,Chris,Williams,1999-03-04,979-710-2049,chris.williams76@example.com,505,2023-04-02
946,Mike,Wilson,2002-03-03,979-736-9373,mike.wilson73@example.com,102,2023-04-04
947,John,Jones,2003-06-27,979-270-3221,john.jones65@example.com,667,2023-04-06
948,Jane,Wilson,2000-12-13,979-319-2895,jane.wilson71@example.com,57,2023-04-09
949,Chris,Doe,1999-12-03,979-572-5239,chris.doe91@example.com,595,2023-04-11
950,Taylor,Brown,1996-07-04,979-899-3546,taylor.brown75@example.com,507,2023-04-13
951,Mike,Smith,2003-02-18,979-651-2858,mike.smith64@example.com,220,2023-04-15
952,Pat,Smith,2004-01-06,979-368-7345,pat.smith97@example.com,134,2023-04-17
953,John,Lee,2001-06-14,979-146-9192,john.lee25@example.com,538,2023-04-19
954,Mike,Smith,1995-07-18,979-166-9320,mike.smith1@example.com,700,2023-04-21
955,Mary,Wilson,2000-09-09,979-288-7357,mary.wilson85@example.com,855,2023-04-23
956,Taylor,Miller,1998-08-06,979-167-8233,taylor.miller84@example.com,235,2023-04-26
957,Taylor,Lee,1999-08-02,979-310-4190,taylor.lee8@example.com,450,2023-04-28
958,Pat,Davis,1999-12-24,979-708-3183,pat.davis44@example.com,220,2023-04-30
959,Mike,Lee,2004-06-24,979-224-9879,mike.lee22@example.com,726,2023-05-02
960,Mary,Jones,1999-09-11,979-485-5335,mary.jones87@example.com,709,2023-05-04
961,Taylor,Williams,1995-07-06,979-125-6609,taylor.williams47@example.com,666,2023-05-06
962,Taylor,Lee,2001-01-28,979-630-1849,taylor.lee75@example.com,395,2023-05-08
963,Pat,Brown,1999-12-19,979-735-5149,pat.brown28@example.com,380,2023-05-10
964,Peter,Jones,2005-11-06,979-213-6432,peter.jones47@example.com,405,2023-05-13
965,Pat,Moore,2003-03-02,979-647-6274,pat.moore13@example.com,488,2023-05-15
966,Pat,Lee,2002-10-28,979-930-3377,pat.lee30@example.com,974,2023-05-17
967,Alex,Williams,1997-06-14,979-188-6359,alex.williams5@example.com,843,2023-05-19
968,Jane,Smith,1999-07-17,979-927-2591,jane.smith89@example.com,319,2023-05-21
969,Mary,Lee,2004-03-11,979-103-6639,mary.lee11@example.com,838,2023-05-23
970,Alex,Smith,1997-04-22,979-256-7142,alex.smith41@example.com,766,2023-05-25
971,Mike,Smith,2004-10-01,979-814-3060,mike.smith22@example.com,343,2023-05-28
972,Sue,Brown,1997-11-05,979-702-3777,sue.brown46@example.com,20,2023-05-30
973,Mary,Doe,1997-04-25,979-840-6802,mary.doe2@example.com,411,2023-06-01
974,John,Doe,2004-08-01,979-581-4849,john.doe64@example.com,176,2023-06-03
975,Alex,Miller,1995-06-25,979-849-1018,alex.miller47@example.com,965,2023-06-05
976,Taylor,Brown,1995-07-26,979-927-1956,taylor.brown95@example.com,804,2023-06-07
977,Mary,Wilson,1998-05-12,979-736-3095,mary.wilson11@example.com,944,2023-06-09
978,Mary,Doe,1997-11-26,979-491-2786,mary.doe77@example.com,415,2023-06-11
979,Mike,Wilson,2002-05-10,979-250-3869,mike.wilson22@example.com,279,2023-06-14
980,Taylor,Williams,2005-01-08,979-524-3342,taylor.williams4@example.com,880,2023-06-16
981,Taylor,Davis,2005-02-17,979-410-7731,taylor.davis29@example.com,539,2023-06-18
982,Chris,Doe,2003-08-10,979-230-4930,chris.doe57@example.com,14,2023-06-20
983,Jane,Brown,1996-11-06,979-731-8056,jane.brown5@example.com,452,2023-06-22
984,Sue,Lee,1997-04-19,979-714-2303,sue.lee73@example.com,482,2023-06-24
985,John,Wilson,1996-11-26,979-610-4845,john.wilson37@example.com,334,2023-06-26
986,Alex,Miller,1999-02-11,979-910-2865,alex.miller58@example.com,856,2023-06-28
987,Mike,Doe,1995-01-03,979-587-6863,mike.doe43@example.com,438,2023-07-01
988,Alex,Moore,2000-11-19,979-596-6008,alex.moore74@example.com,303,2023-07-03
989,John,Doe,2002-02-15,979-332-9020,john.doe12@example.com,887,2023-07-05
990,Mike,Miller,1999-05-22,979-855-8834,mike.miller71@example.com,436,2023-07-07
991,Sue,Lee,1995-11-07,979-766-7863,sue.lee26@example.com,387,2023-07-09
992,Taylor,Moore,2000-12-25,979-953-3314,taylor.moore98@example.com,220,2023-07-11
993,Mary,Davis,2003-07-23,979-694-2540,mary.davis90@example.com,231,2023-07-13
994,Peter,Davis,1998-05-28,979-815-9143,peter.davis61@example.com,778,2023-07-16
995,Pat,Smith,1998-05-17,979-807-1597,pat.smith23@example.com,773,2023-07-18
996,Taylor,Smith,2002-09-26,979-729-2568,taylor.smith51@example.com,994,2023-07-20
997,Mary,Williams,2000-12-22,979-379-3658,mary.williams8@example.com,275,2023-07-22
998,Alex,Smith,2003-11-22,979-355-2918,alex.smith59@example.com,991,2023-07-24
999,Chris,Jones,2003-01-05,979-551-4147,chris.jones90@example.com,234,2023-07-26
1000,Pat,Brown,2005-03-03,979-262-5572,pat.brown68@example.com,169,2023-07-28
1001,Sue,Lee,1998-10-15,979-823-6022,sue.lee8@example.com,571,2023-07-30
1002,John,Williams,1998-08-16,979-195-9157,john.williams55@example.com,292,2023-08-02
1003,Peter,Williams,2001-01-25,979-372-8879,peter.williams23@example.com,695,2023-08-04
1004,Chris,Miller,1998-10-25,979-242-7864,chris.miller50@example.com,297,2023-08-06
1005,Chris,Williams,1997-03-16,979-577-7852,chris.williams88@example.com,840,2023-08-08
1006,Taylor,Lee,2002-05-17,979-543-9103,taylor.lee67@example.com,624,2023-08-10
1007,Sue,Miller,2004-03-05,979-273-6995,sue.miller65@example.com,555,2023-08-12
1008,Alex,Doe,1998-01-05,979-933-8559,alex.doe55@example.com,282,2023-08-14
1009,Taylor,Smith,1997-10-28,979-456-1762,taylor.smith19@example.com,293,2023-08-16
1010,John,Moore,1998-02-15,979-416-4856,john.moore85@example.com,176,2023-08-19
1011,Jane,Smith,2002-05-16,979-540-7948,jane.smith34@example.com,507,2023-08-21
1012,Mary,Miller,1996-01-11,979-196-9148,mary.miller5@example.com,154,2023-08-23
1013,Pat,Smith,2004-03-15,979-844-4294,pat.smith3@example.com,689,2023-08-25
1014,Sue,Jones,2001-06-02,979-667-1069,sue.jones79@example.com,126,2023-08-27
1015,Chris,Davis,1998-09-16,979-662-1458,chris.davis78@example.com,946,2023-08-29
1016,Pat,Doe,1998-02-07,979-736-3114,pat.doe66@example.com,573,2023-08-31
1017,John,Davis,2005-08-02,979-292-8849,john.davis72@example.com,779,2023-09-03
1018,Taylor,Doe,1997-02-28,979-780-5771,taylor.doe93@example.com,646,2023-09-05
1019,Jane,Smith,2005-01-17,979-421-7962,jane.smith42@example.com,610,2023-09-07
1020,John,Moore,1995-11-16,979-338-7545,john.moore73@example.com,456,2023-09-09
1021,Taylor,Miller,1997-04-19,979-752-7440,taylor.miller64@example.com,199,2023-09-11
1022,Pat,Jones,2000-03-05,979-213-9354,pat.jones39@example.com,498,2023-09-13
1023,John,Williams,2000-10-19,979-984-5611,john.williams17@example.com,508,2023-09-15
1024,Taylor,Davis,1999-08-05,979-363-1877,taylor.davis38@example.com,428,2023-09-17
1025,Sue,Moore,1996-07-06,979-147-8624,sue.moore11@example.com,204,2023-09-20
1026,Mike,Moore,1998-11-22,979-852-3186,mike.moore52@example.com,236,2023-09-22
1027,John,Williams,1997-11-14,979-959-2476,john.williams17@example.com,899,2023-09-24
1028,Taylor,Moore,2000-12-10,979-893-4604,taylor.moore74@example.com,917,2023-09-26
1029,Mary,Brown,1999-03-02,979-110-1784,mary.brown24@example.com,802,2023-09-28
1030,Taylor,Jones,2004-01-19,979-154-1120,taylor.jones54@example.com,167,2023-09-30
1031,Chris,Williams,1997-04-17,979-481-5313,chris.williams58@example.com,730,2023-10-02
1032,Pat,Williams,1997-10-27,979-698-4136,pat.williams1@example.com,14,2023-10-04
1033,Pat,Wilson,1999-09-14,979-517-9146,pat.wilson5@example.com,137,2023-10-07
1034,Peter,Moore,1996-07-11,979-598-7906,peter.moore69@example.com,677,2023-10-09
1035,Peter,Miller,2003-08-03,979-262-2939,peter.miller25@example.com,669,2023-10-11
1036,Alex,Williams,2001-04-22,979-803-7397,alex.williams46@example.com,888,2023-10-13
1037,Sue,Moore,2003-02-18,979-181-2894,sue.moore54@example.com,7,2023-10-15
1038,Pat,Smith,2004-05-22,979-984-3533,pat.smith12@example.com,944,2023-10-17
1039,Pat,Williams,2004-01-19,979-420-8865,pat.williams3@example.com,356,2023-10-19
1040,John,Jones,2003-09-09,979-890-7969,john.jones8@example.com,189,2023-10-22
1041,Jane,Doe,2002-07-04,979-637-8129,jane.doe32@example.com,711,2023-10-24
1042,Peter,Wilson,1998-05-06,979-802-6719,peter.wilson70@example.com,781,2023-10-26
1043,Mary,Williams,2004-02-07,979-752-9357,mary.williams1@example.com,713,2023-10-28
1044,Mary,Lee,2001-11-25,979-596-8574,mary.lee53@example.com,590,2023-10-30
1045,John,Miller,1997-03-18,979-698-6459,john.miller6@example.com,253,2023-11-01
1046,Jane,Miller,1997-03-22,979-748-7156,jane.miller59@example.com,979,2023-11-03
1047,Pat,Davis,1998-06-23,979-637-7110,pat.davis69@example.com,211,2023-11-05
1048,Chris,Wilson,1998-05-27,979-530-9941,chris.wilson42@example.com,483,2023-11-08
1049,Sue,Lee,2002-06-06,979-145-5627,sue.lee34@example.com,242,2023-11-10
1050,Taylor,Lee,1998-06-24,979-255-7419,taylor.lee96@example.com,15,2023-11-12
1051,Sue,Miller,2001-02-19,979-759-7240,sue.miller65@example.com,402,2023-11-14
1052,Jane,Wilson,2004-11-15,979-312-7248,jane.wilson42@example.com,100,2023-11-16
1053,John,Davis,2000-05-11,979-118-6900,john.davis17@example.com,851,2023-11-18
1054,John,Miller,2005-02-01,979-339-5907,john.miller47@example.com,370,2023-11-20
1055,Jane,Wilson,2005-01-08,979-644-5388,jane.wilson56@example.com,748,2023-11-22
1056,Mike,Brown,2003-07-28,979-550-7447,mike.brown6@example.com,554,2023-11-25
1057,Mike,Doe,2004-10-25,979-836-5006,mike.doe99@example.com,301,2023-11-27
1058,Peter,Wilson,1997-02-26,979-563-5990,peter.wilson84@example.com,809,2023-11-29
1059,Peter,Lee,2000-05-01,979-697-3565,peter.lee47@example.com,993,2023-12-01
1060,Sue,Doe,2000-10-07,979-926-1159,sue.doe59@example.com,143,2023-12-03
1061,Mary,Moore,1999-02-16,979-463-9939,mary.moore72@example.com,152,2023-12-05
1062,Alex,Davis,2000-01-12,979-796-3217,alex.davis19@example.com,152,2023-12-07
1063,Mike,Moore,2005-01-26,979-747-8145,mike.moore65@example.com,343,2023-12-10
1064,Chris,Brown,1997-07-27,979-518-4642,chris.brown59@example.com,858,2023-12-12
1065,John,Moore,1999-04-04,979-249-2974,john.moore65@example.com,145,2023-12-14
1066,Peter,Williams,2001-09-15,979-632-8767,peter.williams21@example.com,145,2023-12-16
1067,Taylor,Brown,2003-11-06,979-789-5981,taylor.brown8@example.com,314,2023-12-18
1068,Sue,Wilson,1997-07-01,979-421-9020,sue.wilson51@example.com,513,2023-12-20
1069,Pat,Jones,2003-03-26,979-416-9002,pat.jones60@example.com,780,2023-12-22
1070,Chris,Williams,1995-06-14,979-683-4533,chris.williams49@example.com,996,2023-12-24
1071,Mike,Lee,2001-10-05,979-878-9190,mike.lee45@example.com,962,2023-12-27
1072,Pat,Davis,2002-09-28,979-966-7134,pat.davis75@example.com,841,2023-12-29
1073,John,Jones,1997-10-16,979-613-4086,john.jones61@example.com,858,2023-12-31
1074,Peter,Davis,2004-04-04,979-364-8844,peter.davis55@example.com,781,2024-01-02
1075,Alex,Miller,1998-11-03,979-369-4179,alex.miller96@example.com,667,2024-01-04
1076,Pat,Lee,2001-03-05,979-118-6795,pat.lee58@example.com,722,2024-01-06
1077,Sue,Moore,2003-11-19,979-634-9636,sue.moore26@example.com,938,2024-01-08
1078,Peter,Brown,2002-09-09,979-623-1547,peter.brown8@example.com,887,2024-01-10
1079,Peter,Williams,2004-03-17,979-104-3107,peter.williams48@example.com,613,2024-01-13
1080,John,Moore,1999-06-22,979-372-5620,john.moore83@example.com,749,2024-01-15
1081,Taylor,Lee,1995-07-18,979-680-1879,taylor.lee72@example.com,942,2024-01-17
1082,Mike,Smith,2005-03-14,979-721-7191,mike.smith65@example.com,37,2024-01-19
1083,Jane,Davis,1995-08-26,979-106-8251,jane.davis30@example.com,2,2024-01-21
1084,Chris,Jones,1996-06-25,979-953-4017,chris.jones81@example.com,666,2024-01-23
1085,Jane,Wilson,2004-07-04,979-599-2485,jane.wilson2@example.com,94,2024-01-25
1086,Mike,Williams,2003-02-17,979-614-4922,mike.williams68@example.com,269,2024-01-28
1087,Sue,Smith,2003-08-21,979-837-5961,sue.smith86@example.com,885,2024-01-30
1088,John,Brown,2002-02-21,979-937-8627,john.brown96@example.com,27,2024-02-01
1089,Mary,Jones,2003-02-27,979-494-4561,mary.jones52@example.com,150,2024-02-03
1090,Chris,Jones,1999-02-12,979-799-7221,chris.jones11@example.com,614,2024-02-05
1091,Alex,Doe,2002-06-14,979-664-8121,alex.doe52@example.com,497,2024-02-07
1092,John,Smith,1999-12-18,979-822-5260,john.smith15@example.com,32,2024-02-09
1093,Peter,Wilson,2004-10-17,979-527-2513,peter.wilson62@example.com,574,2024-02-11
1094,Chris,Wilson,2001-12-15,979-604-6705,chris.wilson81@example.com,295,2024-02-14
1095,Peter,Davis,2003-09-22,979-316-2128,peter.davis51@example.com,73,2024-02-16
1096,Chris,Wilson,1996-10-27,979-106-8743,chris.wilson71@example.com,941,2024-02-18
1097,Mary,Lee,1999-10-24,979-977-7739,mary.lee3@example.com,425,2024-02-20
1098,Mary,Brown,1996-05-13,979-647-8605,mary.brown4@example.com,622,2024-02-22
1099,Chris,Lee,2000-05-21,979-259-9800,chris.lee19@example.com,862,2024-02-24
1100,Pat,Moore,1995-07-16,979-133-5012,pat.moore17@example.com,637,2024-02-26
1101,Taylor,Brown,1995-05-07,979-421-7038,taylor.brown50@example.com,220,2024-02-28
1102,Sue,Davis,1996-07-21,979-327-6653,sue.davis72@example.com,528,2024-03-02
1103,Sue,Doe,2003-08-26,979-590-1493,sue.doe60@example.com,78,2024-03-04
1104,Sue,Williams,1998-11-23,979-748-5287,sue.williams6@example.com,516,2024-03-06
1105,Mary,Williams,2000-05-12,979-283-7089,mary.williams46@example.com,962,2024-03-08
1106,John,Davis,2004-11-22,979-504-2835,john.davis42@example.com,359,2024-03-10
1107,Peter,Lee,2004-04-14,979-975-8050,peter.lee18@example.com,22,2024-03-12
1108,Mike,Jones,1997-07-05,979-221-6910,mike.jones11@example.com,710,2024-03-14
1109,Sue,Doe,2004-11-03,979-176-9045,sue.doe58@example.com,166,2024-03-17
1110,Mike,Smith,2003-01-08,979-675-7111,mike.smith99@example.com,371,2024-03-19
1111,Pat,Davis,1995-05-11,979-810-2494,pat.davis63@example.com,570,2024-03-21
1112,Mike,Wilson,1998-07-24,979-442-9574,mike.wilson96@example.com,838,2024-03-23
1113,Mary,Miller,2002-05-02,979-320-6513,mary.miller59@example.com,626,2024-03-25
1114,Chris,Moore,2000-12-19,979-571-7065,chris.moore44@example.com,928,2024-03-27
1115,Chris,Davis,2004-07-24,979-762-3428,chris.davis3@example.com,354,2024-03-29
1116,Peter,Brown,2001-08-02,979-808-4218,peter.brown80@example.com,249,2024-03-31
1117,Peter,Brown,2005-04-09,979-673-3145,peter.brown62@example.com,912,2024-04-03
1118,Mary,Lee,1999-05-26,979-183-4954,mary.lee96@example.com,678,2024-04-05
1119,Sue,Smith,1995-11-18,979-446-9482,sue.smith9@example.com,333,2024-04-07
1120,Mary,Miller,2004-04-07,979-145-3573,mary.miller62@example.com,81,2024-04-09
1121,Peter,Moore,2004-03-08,979-731-7490,peter.moore74@example.com,498,2024-04-11
1122,Chris,Lee,2004-04-13,979-153-3384,chris.lee23@example.com,413,2024-04-13
1123,Sue,Williams,1997-03-15,979-451-5239,sue.williams99@example.com,738,2024-04-15
1124,Taylor,Wilson,2002-06-16,979-869-7345,taylor.wilson28@example.com,381,2024-04-17
1125,Taylor,Moore,1999-04-02,979-686-9957,taylor.moore37@example.com,211,2024-04-20
1126,Mary,Brown,1999-01-13,979-915-8763,mary.brown8@example.com,562,2024-04-22
1127,Alex,Jones,1999-03-23,979-130-2623,alex.jones31@example.com,321,2024-04-24
1128,Taylor,Miller,2004-03-03,979-476-6669,taylor.miller96@example.com,412,2024-04-26
1129,Alex,Brown,1996-05-26,979-905-5242,alex.brown61@example.com,853,2024-04-28
1130,Mary,Brown,1998-09-22,979-828-9119,mary.brown13@example.com,188,2024-04-30
1131,Alex,Wilson,2002-08-02,979-604-5907,alex.wilson90@example.com,189,2024-05-02
1132,Mary,Davis,2001-01-25,979-838-1225,mary.davis46@example.com,669,2024-05-05
1133,Sue,Doe,2002-11-04,979-205-2188,sue.doe41@example.com,346,2024-05-07
1134,Mike,Jones,2002-08-21,979-926-2390,mike.jones3@example.com,186,2024-05-09
1135,Pat,Miller,1999-02-14,979-940-5706,pat.miller89@example.com,161,2024-05-11
1136,Mary,Doe,1996-03-26,979-554-3749,mary.doe77@example.com,125,2024-05-13
1137,John,Doe,1998-05-24,979-120-4259,john.doe48@example.com,365,2024-05-15
1138,Sue,Moore,2000-08-26,979-977-9621,sue.moore66@example.com,173,2024-05-17
1139,Taylor,Williams,2000-01-08,979-629-8678,taylor.williams82@example.com,898,2024-05-19
1140,Jane,Williams,1999-11-27,979-606-1533,jane.williams91@example.com,373,2024-05-22
1141,Taylor,Smith,1996-01-26,979-416-1519,taylor.smith97@example.com,553,2024-05-24
1142,Sue,Smith,1997-01-03,979-190-5073,sue.smith25@example.com,12,2024-05-26
1143,Chris,Miller,2004-12-15,979-508-4552,chris.miller89@example.com,786,2024-05-28
1144,John,Smith,2000-01-09,979-298-1296,john.smith96@example.com,463,2024-05-30
1145,John,Davis,2001-10-20,979-762-3909,john.davis68@example.com,166,2024-06-01
1146,Alex,Lee,2004-09-05,979-255-7266,alex.lee11@example.com,250,2024-06-03
1147,Chris,Doe,2000-05-23,979-754-5502,chris.doe81@example.com,221,2024-06-05
1148,Mike,Williams,2001-10-14,979-337-6936,mike.williams63@example.com,183,2024-06-08
1149,Taylor,Davis,2000-05-06,979-362-6736,taylor.davis24@example.com,300,2024-06-10
1150,Mike,Jones,2002-02-10,979-708-7867,mike.jones82@example.com,978,2024-06-12
1151,John,Doe,1996-02-17,979-447-8728,john.doe35@example.com,928,2024-06-14
1152,Alex,Miller,1997-02-28,979-297-5995,alex.miller67@example.com,953,2024-06-16
1153,Taylor,Davis,1995-08-13,979-522-8962,taylor.davis71@example.com,489,2024-06-18
1154,Mary,Wilson,2005-10-20,979-654-6550,mary.wilson54@example.com,2,2024-06-20
1155,John,Lee,1998-11-18,979-603-1173,john.lee14@example.com,500,2024-06-23
1156,Taylor,Davis,1999-11-06,979-384-4996,taylor.davis42@example.com,325,2024-06-25
1157,Alex,Moore,1995-10-18,979-270-9782,alex.moore79@example.com,857,2024-06-27
1158,Chris,Williams,2005-02-23,979-926-2684,chris.williams83@example.com,552,2024-06-29
1159,Taylor,Moore,1995-12-20,979-485-2753,taylor.moore67@example.com,317,2024-07-01
1160,Peter,Williams,2005-10-08,979-711-2775,peter.williams14@example.com,100,2024-07-03
1161,Jane,Smith,1998-07-22,979-612-4613,jane.smith31@example.com,883,2024-07-05
1162,Alex,Smith,2003-08-08,979-494-7652,alex.smith16@example.com,883,2024-07-07
1163,Mike,Moore,2000-09-12,979-326-9167,mike.moore98@example.com,640,2024-07-10
1164,Sue,Williams,1997-01-13,979-890-3365,sue.williams48@example.com,864,2024-07-12
1165,Peter,Wilson,2005-02-26,979-797-2072,peter.wilson36@example.com,885,2024-07-14
1166,John,Lee,1995-03-10,979-807-5649,john.lee53@example.com,330,2024-07-16
1167,John,Smith,1995-06-27,979-489-3832,john.smith10@example.com,526,2024-07-18
1168,Alex,Williams,2005-12-01,979-949-4130,alex.williams62@example.com,522,2024-07-20
1169,Alex,Wilson,1997-07-26,979-458-4425,alex.wilson77@example.com,939,2024-07-22
1170,Pat,Doe,1996-05-09,979-766-1462,pat.doe85@example.com,247,2024-07-24
1171,Alex,Williams,2002-09-20,979-463-2519,alex.williams43@example.com,3,2024-07-27
1172,John,Wilson,2003-06-28,979-520-7697,john.wilson55@example.com,411,2024-07-29
1173,Alex,Moore,2000-05-02,979-165-1656,alex.moore21@example.com,338,2024-07-31
1174,Jane,Davis,1998-01-03,979-997-6767,jane.davis33@example.com,819,2024-08-02
1175,Chris,Smith,1995-03-02,979-960-2909,chris.smith3@example.com,892,2024-08-04
1176,John,Davis,1999-09-16,979-593-1653,john.davis22@example.com,522,2024-08-06
1177,Pat,Doe,1995-05-16,979-934-6852,pat.doe89@example.com,516,2024-08-08
1178,Jane,Brown,2003-08-15,979-640-9058,jane.brown60@example.com,805,2024-08-11
1179,Chris,Smith,1998-09-28,979-242-7028,chris.smith14@example.com,813,2024-08-13
1180,John,Jones,2005-06-07,979-466-2974,john.jones19@example.com,352,2024-08-15
1181,Mike,Doe,2005-05-11,979-472-1771,mike.doe25@example.com,749,2024-08-17
1182,Sue,Miller,1998-05-27,979-244-5564,sue.miller24@example.com,438,2024-08-19
1183,Jane,Brown,1997-12-25,979-367-4072,jane.brown90@example.com,502,2024-08-21
1184,Chris,Doe,1998-07-05,979-561-6157,chris.doe74@example.com,375,2024-08-23
1185,Pat,Wilson,1999-03-25,979-157-1352,pat.wilson69@example.com,170,2024-08-25
1186,Jane,Lee,2002-01-01,979-725-8277,jane.lee93@example.com,485,2024-08-28
1187,Sue,Doe,2005-02-05,979-283-9184,sue.doe66@example.com,540,2024-08-30
1188,Sue,Williams,2003-09-05,979-897-2165,sue.williams89@example.com,1000,2024-09-01
1189,Sue,Brown,2004-10-01,979-153-5815,sue.brown76@example.com,874,2024-09-03
1190,Pat,Miller,2004-07-03,979-172-4394,pat.miller37@example.com,847,2024-09-05
1191,Chris,Miller,2001-08-24,979-726-9124,chris.miller60@example.com,359,2024-09-07
1192,Pat,Jones,2004-08-22,979-819-4160,pat.jones75@example.com,886,2024-09-09
1193,Jane,Wilson,2004-08-28,979-273-2368,jane.wilson34@example.com,588,2024-09-11
1194,John,Moore,1997-11-25,979-135-7346,john.moore40@example.com,92,2024-09-14
1195,Alex,Jones,1998-02-02,979-860-9116,alex.jones42@example.com,509,2024-09-16
1196,Chris,Wilson,1995-03-28,979-973-8800,chris.wilson65@example.com,1000,2024-09-18
1197,Mike,Smith,2002-06-13,979-113-6462,mike.smith66@example.com,249,2024-09-20
1198,Peter,Miller,1998-05-09,979-844-1633,peter.miller88@example.com,962,2024-09-22
1199,Sue,Williams,2003-10-23,979-237-3282,sue.williams60@example.com,557,2024-09-24
1200,Alex,Williams,1999-04-08,979-412-3680,alex.williams24@example.com,731,2024-09-26
1201,Mike,Smith,2003-04-14,979-721-2854,mike.smith36@example.com,252,2024-09-29
1202,Sue,Brown,1997-04-26,979-494-6383,sue.brown6@example.com,265,2024-10-01
1203,Mike,Williams,2001-05-06,979-305-9512,mike.williams53@example.com,365,2024-10-03
1204,Taylor,Wilson,2001-09-22,979-536-5686,taylor.wilson78@example.com,259,2024-10-05
1205,Taylor,Davis,2000-03-08,979-216-9296,taylor.davis65@example.com,646,2024-10-07
1206,Mary,Williams,1996-10-25,979-187-3112,mary.williams20@example.com,559,2024-10-09
1207,Jane,Jones,2002-09-24,979-176-1369,jane.jones42@example.com,386,2024-10-11
1208,Alex,Lee,1997-09-14,979-411-9706,alex.lee61@example.com,64,2024-10-13
1209,John,Jones,2004-11-09,979-586-5308,john.jones53@example.com,980,2024-10-16
1210,Mary,Jones,1999-08-23,979-599-1519,mary.jones45@example.com,148,2024-10-18
1211,Sue,Miller,1999-08-18,979-595-1084,sue.miller76@example.com,417,2024-10-20
1212,Sue,Miller,1999-10-27,979-967-4955,sue.miller39@example.com,300,2024-10-22
1213,Peter,Davis,1998-01-11,979-304-2776,peter.davis77@example.com,250,2024-10-24
1214,Pat,Williams,2004-11-24,979-343-3363,pat.williams44@example.com,949,2024-10-26
1215,Peter,Smith,1997-03-21,979-621-1202,peter.smith22@example.com,579,2024-10-28
1216,Chris,Wilson,2003-12-24,979-902-1686,chris.wilson28@example.com,388,2024-10-30
1217,Mike,Jones,2000-04-13,979-885-5619,mike.jones45@example.com,221,2024-11-02
1218,John,Miller,1995-12-09,979-229-8794,john.miller49@example.com,398,2024-11-04
1219,Alex,Williams,2003-02-12,979-450-9892,alex.williams19@example.com,143,2024-11-06
1220,John,Miller,2001-03-06,979-378-5738,john.miller17@example.com,266,2024-11-08
1221,Peter,Miller,2003-05-03,979-270-2100,peter.miller64@example.com,99,2024-11-10
1222,Mary,Wilson,1998-12-14,979-248-4255,mary.wilson51@example.com,668,2024-11-12
1223,Jane,Jones,1998-04-02,979-541-9297,jane.jones34@example.com,158,2024-11-14
1224,Chris,Wilson,1997-03-27,979-757-1425,chris.wilson10@example.com,648,2024-11-17
1225,Alex,Williams,2002-06-28,979-275-4527,alex.williams50@example.com,640,2024-11-19
1226,Peter,Lee,1997-07-16,979-305-5493,peter.lee75@example.com,356,2024-11-21
1227,Alex,Miller,1996-09-16,979-408-6624,alex.miller20@example.com,2,2024-11-23
1228,Pat,Williams,1995-05-24,979-449-5371,pat.williams16@example.com,852,2024-11-25
1229,Jane,Moore,1996-03-24,979-437-3327,jane.moore31@example.com,449,2024-11-27
1230,Mary,Smith,2004-02-04,979-705-3962,mary.smith65@example.com,0,2024-11-29
1231,Peter,Moore,2000-07-21,979-276-6299,peter.moore33@example.com,219,2024-12-01
1232,Chris,Jones,2003-01-01,979-611-1656,chris.jones47@example.com,904,2024-12-04
1233,Mike,Moore,2001-09-09,979-511-1172,mike.moore23@example.com,164,2024-12-06
1234,Sue,Brown,2002-02-10,979-630-2376,sue.brown18@example.com,327,2024-12-08
1235,Jane,Miller,2001-02-23,979-505-3250,jane.miller65@example.com,887,2024-12-10
1236,Mike,Smith,1995-12-15,979-124-8133,mike.smith83@example.com,297,2024-12-12
1237,Alex,Williams,2003-01-03,979-183-3650,alex.williams81@example.com,472,2024-12-14
1238,Peter,Miller,2002-05-16,979-987-2292,peter.miller44@example.com,727,2024-12-16
1239,Taylor,Davis,2000-11-08,979-182-2278,taylor.davis57@example.com,690,2024-12-18
1240,John,Williams,1996-08-05,979-660-2622,john.williams85@example.com,505,2024-12-21
1241,Chris,Jones,1996-10-18,979-496-6001,chris.jones4@example.com,985,2024-12-23
1242,Mike,Miller,1998-08-14,979-435-9367,mike.miller85@example.com,357,2024-12-25
1243,Sue,Jones,1997-08-03,979-242-4721,sue.jones42@example.com,279,2024-12-27
1244,Jane,Moore,1999-08-16,979-364-5716,jane.moore49@example.com,661,2024-12-29
1245,Chris,Davis,2001-04-14,979-633-4760,chris.davis26@example.com,343,2024-12-31
1246,Mary,Brown,2000-03-12,979-728-1004,mary.brown6@example.com,440,2025-01-02
1247,Mike,Wilson,2000-02-26,979-432-8496,mike.wilson81@example.com,952,2025-01-05
1248,Sue,Lee,2005-11-11,979-951-3245,sue.lee94@example.com,795,2025-01-07
1249,John,Brown,2001-03-04,979-343-6726,john.brown2@example.com,286,2025-01-09
1250,Peter,Miller,1999-09-16,979-530-7537,peter.miller84@example.com,389,2025-01-11
1251,Chris,Williams,2001-05-25,979-875-3038,chris.williams7@example.com,856,2025-01-13
1252,Sue,Wilson,1998-11-06,979-200-2000,sue.wilson24@example.com,483,2025-01-15
1253,Taylor,Jones,1999-08-10,979-766-2517,taylor.jones77@example.com,161,2025-01-17
1254,Alex,Brown,1995-02-20,979-536-3625,alex.brown73@example.com,592,2025-01-19
1255,Peter,Moore,1995-02-21,979-469-1403,peter.moore34@example.com,670,2025-01-22
1256,Alex,Davis,1996-12-21,979-336-1039,alex.davis79@example.com,300,2025-01-24
1257,Mary,Jones,2001-10-23,979-196-5174,mary.jones79@example.com,620,2025-01-26
1258,Chris,Williams,2000-04-20,979-854-9232,chris.williams3@example.com,949,2025-01-28
1259,Peter,Moore,1996-03-03,979-686-2447,peter.moore40@example.com,682,2025-01-30
1260,Jane,Williams,2004-11-12,979-430-5478,jane.williams77@example.com,942,2025-02-01
1261,Pat,Wilson,1997-01-21,979-689-3434,pat.wilson25@example.com,581,2025-02-03
1262,Pat,Lee,2004-07-01,979-737-6152,pat.lee54@example.com,814,2025-02-05
1263,Peter,Doe,2002-12-04,979-615-2612,peter.doe68@example.com,890,2025-02-08
1264,Jane,Wilson,2001-01-12,979-504-8840,jane.wilson78@example.com,706,2025-02-10
1265,Taylor,Jones,2003-05-13,979-680-4097,taylor.jones64@example.com,502,2025-02-12
1266,Peter,Moore,1998-12-19,979-852-8827,peter.moore45@example.com,509,2025-02-14
1267,Alex,Miller,2002-12-03,979-661-2297,alex.miller12@example.com,426,2025-02-16
1268,Chris,Smith,2003-04-23,979-964-2680,chris.smith68@example.com,880,2025-02-18
1269,John,Wilson,2002-04-28,979-219-2231,john.wilson21@example.com,677,2025-02-20
1270,Jane,Miller,1996-05-02,979-447-6766,jane.miller70@example.com,791,2025-02-23
1271,Jane,Williams,1995-03-16,979-839-6170,jane.williams47@example.com,391,2025-02-25
1272,John,Williams,2000-02-15,979-126-5491,john.williams74@example.com,867,2025-02-27
1273,John,Doe,1999-03-20,979-861-1368,john.doe23@example.com,973,2025-03-01
1274,Jane,Smith,2005-10-28,979-572-7083,jane.smith21@example.com,233,2025-03-03
1275,Pat,Lee,2001-06-04,979-762-8544,pat.lee16@example.com,876,2025-03-05
1276,Pat,Lee,1997-02-10,979-799-1804,pat.lee37@example.com,615,2025-03-07
1277,Mary,Miller,2003-01-12,979-116-9701,mary.miller45@example.com,708,2025-03-09
1278,Chris,Doe,2004-08-06,979-228-6954,chris.doe46@example.com,911,2025-03-12
1279,Chris,Miller,2002-03-20,979-852-4207,chris.miller98@example.com,49,2025-03-14
1280,Taylor,Williams,2005-07-14,979-218-6877,taylor.williams1@example.com,109,2025-03-16
1281,Mary,Doe,2002-12-22,979-368-2290,mary.doe92@example.com,180,2025-03-18
1282,Taylor,Wilson,2001-10-15,979-351-6282,taylor.wilson36@example.com,410,2025-03-20
1283,Pat,Miller,1999-04-07,979-403-6113,pat.miller72@example.com,166,2025-03-22
1284,Peter,Williams,1998-08-28,979-736-7805,peter.williams90@example.com,196,2025-03-24
1285,Sue,Smith,2003-06-02,979-138-3349,sue.smith40@example.com,537,2025-03-26
1286,Sue,Miller,1999-12-01,979-993-9005,sue.miller2@example.com,411,2025-03-29
1287,Peter,Jones,2002-09-23,979-194-3389,peter.jones34@example.com,562,2025-03-31
1288,Jane,Jones,2001-02-15,979-576-3292,jane.jones64@example.com,109,2025-04-02
1289,Sue,Moore,2003-03-18,979-366-5756,sue.moore78@example.com,525,2025-04-04
1290,Mike,Doe,1997-01-12,979-978-2600,mike.doe56@example.com,235,2025-04-06
1291,John,Doe,2001-04-12,979-909-2256,john.doe71@example.com,919,2025-04-08
1292,John,Miller,1998-02-17,979-869-5986,john.miller24@example.com,269,2025-04-10
1293,Jane,Davis,2002-02-04,979-168-8372,jane.davis23@example.com,660,2025-04-13
1294,Jane,Davis,1996-02-21,979-358-8860,jane.davis80@example.com,35,2025-04-15
1295,John,Davis,1996-06-08,979-752-5911,john.davis87@example.com,931,2025-04-17
1296,Peter,Wilson,2001-10-05,979-196-6288,peter.wilson97@example.com,729,2025-04-19
1297,Sue,Lee,1998-04-26,979-241-7239,sue.lee25@example.com,180,2025-04-21
1298,Chris,Smith,1997-03-28,979-906-9352,chris.smith6@example.com,497,2025-04-23
1299,Mary,Smith,2002-03-20,979-840-3962,mary.smith84@example.com,264,2025-04-25
1300,Alex,Davis,1999-11-05,979-942-1624,alex.davis14@example.com,53,2025-04-27
1301,Pat,Brown,1998-06-12,979-405-2480,pat.brown28@example.com,85,2025-04-30
1302,Jane,Moore,2001-06-04,979-481-1226,jane.moore29@example.com,787,2025-05-02
1303,Alex,Smith,2001-09-27,979-463-8210,alex.smith28@example.com,139,2025-05-04
1304,Taylor,Doe,2003-02-18,979-726-3163,taylor.doe55@example.com,45,2025-05-06
1305,Alex,Lee,1997-02-08,979-651-1311,alex.lee36@example.com,427,2025-05-08
1306,Chris,Jones,2004-01-26,979-193-7250,chris.jones84@example.com,748,2025-05-10
1307,Peter,Lee,2002-01-20,979-394-2446,peter.lee13@example.com,283,2025-05-12
1308,Alex,Moore,2001-10-27,979-618-6788,alex.moore43@example.com,475,2025-05-14
1309,John,Jones,2003-05-07,979-910-3915,john.jones40@example.com,465,2025-05-17
1310,Mike,Doe,1997-06-27,979-464-4602,mike.doe63@example.com,479,2025-05-19
1311,Jane,Lee,2001-03-21,979-989-8703,jane.lee35@example.com,71,2025-05-21
1312,Peter,Miller,1998-02-17,979-954-2626,peter.miller83@example.com,109,2025-05-23
1313,Mike,Williams,2001-03-01,979-208-6291,mike.williams35@example.com,322,2025-05-25
1314,John,Miller,2001-04-06,979-513-8301,john.miller34@example.com,312,2025-05-27
1315,Sue,Davis,1996-08-06,979-775-3659,sue.davis72@example.com,457,2025-05-29
1316,Peter,Smith,1997-07-04,979-604-2754,peter.smith13@example.com,26,2025-06-01
1317,John,Davis,2004-08-06,979-540-6700,john.davis81@example.com,770,2025-06-03
1318,Peter,Moore,2003-01-14,979-107-6326,peter.moore81@example.com,515,2025-06-05
1319,Jane,Lee,1997-07-02,979-388-2354,jane.lee26@example.com,597,2025-06-07
1320,Mike,Wilson,2002-06-11,979-489-1021,mike.wilson80@example.com,276,2025-06-09
1321,Alex,Jones,1997-03-04,979-594-3909,alex.jones51@example.com,740,2025-06-11
1322,Taylor,Miller,1998-02-20,979-489-2469,taylor.miller86@example.com,107,2025-06-13
1323,Peter,Williams,1998-11-25,979-266-8794,peter.williams60@example.com,968,2025-06-15
1324,Mary,Smith,2000-12-11,979-987-7613,mary.smith62@example.com,708,2025-06-18
1325,Mary,Miller,1999-04-27,979-817-7574,mary.miller54@example.com,27,2025-06-20
1326,Sue,Jones,1996-06-28,979-141-4853,sue.jones72@example.com,467,2025-06-22
1327,Mary,Jones,1999-04-04,979-488-2084,mary.jones73@example.com,189,2025-06-24
1328,Mike,Williams,1996-06-28,979-181-6062,mike.williams72@example.com,542,2025-06-26
1329,Chris,Smith,1997-10-03,979-967-7255,chris.smith65@example.com,440,2025-06-28
1330,Sue,Lee,2002-05-02,979-648-5506,sue.lee81@example.com,794,2025-06-30
1331,Pat,Brown,1999-08-24,979-187-9507,pat.brown5@example.com,68,2025-07-02
1332,Mary,Smith,2004-10-08,979-899-6881,mary.smith20@example.com,448,2025-07-05
1333,John,Doe,1998-07-25,979-759-9845,john.doe43@example.com,760,2025-07-07
1334,Taylor,Miller,2003-11-28,979-183-3229,taylor.miller62@example.com,902,2025-07-09
1335,Alex,Doe,2003-03-04,979-358-4201,alex.doe92@example.com,487,2025-07-11
1336,Mike,Williams,1996-06-14,979-733-3992,mike.williams97@example.com,647,2025-07-13
1337,Peter,Wilson,1998-01-13,979-962-2635,peter.wilson5@example.com,65,2025-07-15
1338,Pat,Moore,2000-08-10,979-126-3464,pat.moore5@example.com,246,2025-07-17
1339,Pat,Moore,2001-03-22,979-521-9115,pat.moore39@example.com,782,2025-07-20
1340,Chris,Wilson,2002-02-19,979-455-1154,chris.wilson60@example.com,85,2025-07-22
1341,Mike,Jones,2000-03-20,979-645-8546,mike.jones17@example.com,668,2025-07-24
1342,John,Williams,1995-01-03,979-114-7687,john.williams7@example.com,336,2025-07-26
1343,Mike,Brown,2000-04-23,979-633-6923,mike.brown82@example.com,555,2025-07-28
1344,Mike,Brown,1999-08-27,979-772-6066,mike.brown79@example.com,986,2025-07-30
1345,Jane,Jones,2004-07-22,979-164-2607,jane.jones88@example.com,863,2025-08-01
1346,Chris,Davis,2003-12-07,979-203-8084,chris.davis51@example.com,588,2025-08-03
1347,Peter,Miller,1997-03-03,979-463-4882,peter.miller60@example.com,21,2025-08-06
1348,Mike,Jones,2000-09-21,979-452-9948,mike.jones7@example.com,2,2025-08-08
1349,Mike,Davis,2001-11-21,979-686-8509,mike.davis26@example.com,317,2025-08-10
1350,Chris,Lee,2005-05-08,979-522-4682,chris.lee97@example.com,16,2025-08-12
1351,Pat,Doe,1999-12-18,979-787-7242,pat.doe35@example.com,340,2025-08-14
1352,Sue,Williams,2005-04-12,979-997-5330,sue.williams32@example.com,902,2025-08-16
1353,Jane,Jones,2005-02-17,979-295-3448,jane.jones70@example.com,105,2025-08-18
1354,Taylor,Lee,1996-09-24,979-825-1971,taylor.lee61@example.com,206,2025-08-20
1355,Mary,Miller,2005-09-26,979-953-6223,mary.miller15@example.com,537,2025-08-23
1356,Taylor,Doe,2004-05-05,979-703-1171,taylor.doe26@example.com,122,2025-08-25
1357,Taylor,Jones,1995-03-03,979-977-1914,taylor.jones25@example.com,887,2025-08-27
1358,Peter,Smith,1996-05-08,979-513-1058,peter.smith97@example.com,996,2025-08-29
1359,Pat,Miller,2002-12-09,979-226-8129,pat.miller9@example.com,22,2025-08-31
1360,Mike,Smith,2000-05-09,979-368-5724,mike.smith89@example.com,749,2025-09-02
1361,Mary,Wilson,1995-05-25,979-729-9329,mary.wilson71@example.com,251,2025-09-04
1362,Jane,Davis,2002-11-13,979-346-2735,jane.davis93@example.com,753,2025-09-07
1363,Mike,Moore,1998-06-21,979-894-1758,mike.moore37@example.com,58,2025-09-09
1364,Jane,Doe,1999-04-01,979-534-8289,jane.doe74@example.com,425,2025-09-11
1365,Pat,Moore,2004-03-28,979-289-3572,pat.moore98@example.com,403,2025-09-13
1366,Taylor,Davis,2002-11-23,979-151-9487,taylor.davis59@example.com,323,2025-09-15
1367,Alex,Williams,2001-08-26,979-894-8633,alex.williams97@example.com,196,2025-09-17
1368,Alex,Brown,2000-11-09,979-893-4612,alex.brown21@example.com,947,2025-09-19
1369,Pat,Brown,2000-03-06,979-940-5714,pat.brown67@example.com,662,2025-09-21
1370,Alex,Davis,2003-11-24,979-322-6954,alex.davis50@example.com,754,2025-09-24
1371,Mary,Miller,2003-04-24,979-679-4617,mary.miller78@example.com,675,2025-09-26
1372,Jane,Doe,2000-01-23,979-931-4987,jane.doe21@example.com,464,2025-09-28
1373,Alex,Jones,2002-08-11,979-404-2229,alex.jones14@example.com,976,2025-09-30
1374,Taylor,Jones,2000-06-23,979-530-5894,taylor.jones42@example.com,191,2025-10-02
1375,Pat,Jones,2004-09-08,979-795-2020,pat.jones55@example.com,991,2025-10-04
1376,Jane,Moore,2001-09-26,979-743-6456,jane.moore22@example.com,821,2025-10-06
1377,Sue,Doe,1997-06-14,979-216-3553,sue.doe99@example.com,310,2025-10-08
1378,Mary,Williams,1995-12-15,979-401-8929,mary.williams88@example.com,142,2025-10-11
1379,John,Doe,1996-10-19,979-762-7525,john.doe26@example.com,752,2025-10-13
1380,Sue,Doe,2002-04-16,979-685-9840,sue.doe41@example.com,725,2025-10-15
1381,Chris,Brown,2004-03-14,979-517-5556,chris.brown42@example.com,112,2025-10-17
1382,Taylor,Brown,2000-07-16,979-410-8901,taylor.brown38@example.com,461,2025-10-19
1383,Mary,Smith,2002-07-06,979-281-6634,mary.smith97@example.com,991,2025-10-21
1384,Jane,Wilson,1995-08-10,979-290-4439,jane.wilson11@example.com,658,2025-10-23
1385,John,Davis,2002-10-24,979-311-9796,john.davis23@example.com,763,2025-10-26
1386,Alex,Davis,2005-04-05,979-570-5402,alex.davis30@example.com,526,2025-10-28
1387,Pat,Smith,1998-08-08,979-575-5485,pat.smith9@example.com,428,2025-10-30
1388,Mike,Wilson,1996-09-20,979-645-3437,mike.wilson44@example.com,760,2025-11-01
1389,Jane,Lee,1995-07-27,979-304-4563,jane.lee72@example.com,201,2025-11-03
1390,Pat,Davis,2005-04-08,979-534-2542,pat.davis72@example.com,29,2025-11-05
1391,Taylor,Doe,2005-06-04,979-187-8336,taylor.doe4@example.com,755,2025-11-07
1392,Mike,Miller,2003-06-04,979-348-5037,mike.miller12@example.com,400,2025-11-09
1393,Peter,Williams,2002-09-03,979-318-8487,peter.williams23@example.com,328,2025-11-12
1394,Chris,Miller,2004-01-17,979-201-2312,chris.miller46@example.com,821,2025-11-14
1395,Mike,Wilson,2001-02-01,979-237-7702,mike.wilson61@example.com,520,2025-11-16
1396,John,Miller,2002-05-06,979-223-2585,john.miller31@example.com,940,2025-11-18
1397,Mary,Jones,2002-11-02,979-425-1990,mary.jones6@example.com,858,2025-11-20
1398,Taylor,Moore,2005-07-24,979-756-7694,taylor.moore73@example.com,413,2025-11-22
1399,Chris,Doe,1996-11-11,979-064-2571,chris.doe97@example.com,16,2025-11-24